insert into user (uid, password, isAdmin) values ('meveringham0', 'qS1oNh3lB1', false);
insert into user (uid, password, isAdmin) values ('dmaccrosson1', '6fQ2J88WjZ', false);
insert into user (uid, password, isAdmin) values ('cortmann2', 'iktL3n0yFJHt', false);
insert into user (uid, password, isAdmin) values ('lsergean3', 'ogNWA0R1ZMj', false);
insert into user (uid, password, isAdmin) values ('efarrall4', 'X10wzl2T5jN0', false);
insert into user (uid, password, isAdmin) values ('gdevaan5', 'vlGiCALotds8', false);
insert into user (uid, password, isAdmin) values ('dculp6', 'sQQiuuv0A', false);
insert into user (uid, password, isAdmin) values ('rgrimley7', 'vIC2j3Z', false);
insert into user (uid, password, isAdmin) values ('cblundan8', 'LMwbqXsw0', false);
insert into user (uid, password, isAdmin) values ('nocarran9', 'DXcw2Gqoe', false);
insert into user (uid, password, isAdmin) values ('vpollea45', 'f6ImHU', false);
insert into user (uid, password, isAdmin) values ('zpetticanb46', 'tkU7wY', false);
insert into user (uid, password, isAdmin) values ('sbockc23', 'cUYSGz', false);
insert into user (uid, password, isAdmin) values ('apurverd23', 'WXghq55ufHQ', false);
insert into user (uid, password, isAdmin) values ('cmatthewmane56', 'k68UNsjWgTX', false);
insert into user (uid, password, isAdmin) values ('quirchg8', '83jf893j', true);

insert into students (uid, firstname, lastname, matrnr) values ('meveringham0', 'Matelda', 'Everingham', '57215185');
insert into students (uid, firstname, lastname, matrnr) values ('dmaccrosson1', 'Dasha', 'MacCrosson', '38339715');
insert into students (uid, firstname, lastname, matrnr) values ('cortmann2', 'Carolynn', 'Ortmann', '47492699');
insert into students (uid, firstname, lastname, matrnr) values ('lsergean3', 'Leola', 'Sergean', '14175255');
insert into students (uid, firstname, lastname, matrnr) values ('efarrall4', 'Ezri', 'Farrall', '30683384');
insert into students (uid, firstname, lastname, matrnr) values ('gdevaan5', 'Gerome', 'De Vaan', '19986246');
insert into students (uid, firstname, lastname, matrnr) values ('dculp6', 'Dacie', 'Culp', '26260865');
insert into students (uid, firstname, lastname, matrnr) values ('rgrimley7', 'Roslyn', 'Grimley', '55551027');
insert into students (uid, firstname, lastname, matrnr) values ('cblundan8', 'Corri', 'Blundan', '89331729');
insert into students (uid, firstname, lastname, matrnr) values ('nocarran9','Neale', 'O''Carran', '79083147');
insert into students (uid, firstname, lastname, matrnr) values ('vpollea45','Vilhelmina', 'Polle', '19198729');
insert into students (uid, firstname, lastname, matrnr) values ('zpetticanb46', 'Zuzana', 'Pettican', '87495605');
insert into students (uid, firstname, lastname, matrnr) values ('sbockc23', 'Sidonia', 'Bock', '31351922');
insert into students (uid, firstname, lastname, matrnr) values ('apurverd23', 'Aleece', 'Purver', '62311855');
insert into students (uid, firstname, lastname, matrnr) values ('cmatthewmane56', 'Ceil', 'Matthewman', '48032842');

insert into grades (uid, semester, grade) values ('meveringham0', "SS 2022", 1);  
insert into grades (uid, semester, grade) values ('dmaccrosson1', "SS 2022", 1);  
insert into grades (uid, semester, grade) values ('cortmann2', "SS 2022", 1);
insert into grades (uid, semester, grade) values ('lsergean3', "SS 2022", 1);
insert into grades (uid, semester, grade) values ('efarrall4', "SS 2022", 1);
insert into grades (uid, semester, grade) values ('gdevaan5', "SS 2022", 1);
insert into grades (uid, semester, grade) values ('dculp6', "SS 2022", 1);
insert into grades (uid, semester, grade) values ('rgrimley7', "SS 2022", 1);
insert into grades (uid, semester, grade) values ('cblundan8', "SS 2022", 1);
insert into grades (uid, semester, grade) values ('nocarran9', "SS 2022", 1);
insert into grades (uid, semester, grade) values ('vpollea45', "SS 2022", 1);
insert into grades (uid, semester, grade) values ('zpetticanb46', "SS 2022", 1);  
insert into grades (uid, semester, grade) values ('sbockc23', "SS 2022", 1);
insert into grades (uid, semester, grade) values ('apurverd23', "SS 2022", 1);
insert into grades (uid, semester, grade) values ('cmatthewmane56', "SS 2022", 1);
insert into grades (uid, semester, grade) values ('quirchg8',"SS 2022", 1);